accountId,businessDate,openingBalance,netMovement,closingBalance,currency,snapshotId
SIM-A0011,2026-09-01,1000000.00,0.00,1000000.00,CNY,SIM-SNAPSHOT-20261001
SIM-A0011,2026-09-02,1000000.00,0.00,1000000.00,CNY,SIM-SNAPSHOT-20261001
SIM-A0011,2026-09-03,1000000.00,0.00,1000000.00,CNY,SIM-SNAPSHOT-20261001
SIM-A0011,2026-09-04,1000000.00,0.00,1000000.00,CNY,SIM-SNAPSHOT-20261001
SIM-A0011,2026-09-05,1000000.00,0.00,1000000.00,CNY,SIM-SNAPSHOT-20261001
SIM-A0011,2026-09-06,1000000.00,100000.00,1100000.00,CNY,SIM-SNAPSHOT-20261001
SIM-A0011,2026-09-07,1100000.00,0.00,1100000.00,CNY,SIM-SNAPSHOT-20261001
SIM-A0011,2026-09-08,1100000.00,0.00,1100000.00,CNY,SIM-SNAPSHOT-20261001
SIM-A0011,2026-09-09,1100000.00,0.00,1100000.00,CNY,SIM-SNAPSHOT-20261001
SIM-A0011,2026-09-10,1100000.00,0.00,1100000.00,CNY,SIM-SNAPSHOT-20261001
SIM-A0011,2026-09-11,1100000.00,0.00,1100000.00,CNY,SIM-SNAPSHOT-20261001
SIM-A0011,2026-09-12,1100000.00,0.00,1100000.00,CNY,SIM-SNAPSHOT-20261001
SIM-A0011,2026-09-13,1100000.00,0.00,1100000.00,CNY,SIM-SNAPSHOT-20261001
SIM-A0011,2026-09-14,1100000.00,0.00,1100000.00,CNY,SIM-SNAPSHOT-20261001
SIM-A0011,2026-09-15,1100000.00,0.00,1100000.00,CNY,SIM-SNAPSHOT-20261001
SIM-A0011,2026-09-16,1100000.00,-200000.00,900000.00,CNY,SIM-SNAPSHOT-20261001
SIM-A0011,2026-09-17,900000.00,0.00,900000.00,CNY,SIM-SNAPSHOT-20261001
SIM-A0011,2026-09-18,900000.00,0.00,900000.00,CNY,SIM-SNAPSHOT-20261001
SIM-A0011,2026-09-19,900000.00,0.00,900000.00,CNY,SIM-SNAPSHOT-20261001
SIM-A0011,2026-09-20,900000.00,0.00,900000.00,CNY,SIM-SNAPSHOT-20261001
SIM-A0011,2026-09-21,900000.00,0.00,900000.00,CNY,SIM-SNAPSHOT-20261001
SIM-A0011,2026-09-22,900000.00,0.00,900000.00,CNY,SIM-SNAPSHOT-20261001
SIM-A0011,2026-09-23,900000.00,0.00,900000.00,CNY,SIM-SNAPSHOT-20261001
SIM-A0011,2026-09-24,900000.00,0.00,900000.00,CNY,SIM-SNAPSHOT-20261001
SIM-A0011,2026-09-25,900000.00,0.00,900000.00,CNY,SIM-SNAPSHOT-20261001
SIM-A0011,2026-09-26,900000.00,0.00,900000.00,CNY,SIM-SNAPSHOT-20261001
SIM-A0011,2026-09-27,900000.00,0.00,900000.00,CNY,SIM-SNAPSHOT-20261001
SIM-A0011,2026-09-28,900000.00,0.00,900000.00,CNY,SIM-SNAPSHOT-20261001
SIM-A0011,2026-09-29,900000.00,0.00,900000.00,CNY,SIM-SNAPSHOT-20261001
SIM-A0011,2026-09-30,900000.00,0.00,900000.00,CNY,SIM-SNAPSHOT-20261001
SIM-A0012,2026-09-01,2000000.00,0.00,2000000.00,CNY,SIM-SNAPSHOT-20261001
SIM-A0012,2026-09-02,2000000.00,0.00,2000000.00,CNY,SIM-SNAPSHOT-20261001
SIM-A0012,2026-09-03,2000000.00,0.00,2000000.00,CNY,SIM-SNAPSHOT-20261001
SIM-A0012,2026-09-04,2000000.00,0.00,2000000.00,CNY,SIM-SNAPSHOT-20261001
SIM-A0012,2026-09-05,2000000.00,0.00,2000000.00,CNY,SIM-SNAPSHOT-20261001
SIM-A0012,2026-09-06,2000000.00,0.00,2000000.00,CNY,SIM-SNAPSHOT-20261001
SIM-A0012,2026-09-07,2000000.00,0.00,2000000.00,CNY,SIM-SNAPSHOT-20261001
SIM-A0012,2026-09-08,2000000.00,0.00,2000000.00,CNY,SIM-SNAPSHOT-20261001
SIM-A0012,2026-09-09,2000000.00,0.00,2000000.00,CNY,SIM-SNAPSHOT-20261001
SIM-A0012,2026-09-10,2000000.00,0.00,2000000.00,CNY,SIM-SNAPSHOT-20261001
SIM-A0012,2026-09-11,2000000.00,0.00,2000000.00,CNY,SIM-SNAPSHOT-20261001
SIM-A0012,2026-09-12,2000000.00,0.00,2000000.00,CNY,SIM-SNAPSHOT-20261001
SIM-A0012,2026-09-13,2000000.00,0.00,2000000.00,CNY,SIM-SNAPSHOT-20261001
SIM-A0012,2026-09-14,2000000.00,0.00,2000000.00,CNY,SIM-SNAPSHOT-20261001
SIM-A0012,2026-09-15,2000000.00,0.00,2000000.00,CNY,SIM-SNAPSHOT-20261001
SIM-A0012,2026-09-16,2000000.00,0.00,2000000.00,CNY,SIM-SNAPSHOT-20261001
SIM-A0012,2026-09-17,2000000.00,0.00,2000000.00,CNY,SIM-SNAPSHOT-20261001
SIM-A0012,2026-09-18,2000000.00,0.00,2000000.00,CNY,SIM-SNAPSHOT-20261001
SIM-A0012,2026-09-19,2000000.00,0.00,2000000.00,CNY,SIM-SNAPSHOT-20261001
SIM-A0012,2026-09-20,2000000.00,0.00,2000000.00,CNY,SIM-SNAPSHOT-20261001
SIM-A0012,2026-09-21,2000000.00,0.00,2000000.00,CNY,SIM-SNAPSHOT-20261001
SIM-A0012,2026-09-22,2000000.00,0.00,2000000.00,CNY,SIM-SNAPSHOT-20261001
SIM-A0012,2026-09-23,2000000.00,0.00,2000000.00,CNY,SIM-SNAPSHOT-20261001
SIM-A0012,2026-09-24,2000000.00,0.00,2000000.00,CNY,SIM-SNAPSHOT-20261001
SIM-A0012,2026-09-25,2000000.00,0.00,2000000.00,CNY,SIM-SNAPSHOT-20261001
SIM-A0012,2026-09-26,2000000.00,0.00,2000000.00,CNY,SIM-SNAPSHOT-20261001
SIM-A0012,2026-09-27,2000000.00,0.00,2000000.00,CNY,SIM-SNAPSHOT-20261001
SIM-A0012,2026-09-28,2000000.00,0.00,2000000.00,CNY,SIM-SNAPSHOT-20261001
SIM-A0012,2026-09-29,2000000.00,0.00,2000000.00,CNY,SIM-SNAPSHOT-20261001
SIM-A0012,2026-09-30,2000000.00,0.00,2000000.00,CNY,SIM-SNAPSHOT-20261001
SIM-A0021,2026-09-01,800000.00,0.00,800000.00,CNY,SIM-SNAPSHOT-20261001
SIM-A0021,2026-09-02,800000.00,0.00,800000.00,CNY,SIM-SNAPSHOT-20261001
SIM-A0021,2026-09-03,800000.00,0.00,800000.00,CNY,SIM-SNAPSHOT-20261001
SIM-A0021,2026-09-04,800000.00,20000.00,820000.00,CNY,SIM-SNAPSHOT-20261001
SIM-A0021,2026-09-05,820000.00,0.00,820000.00,CNY,SIM-SNAPSHOT-20261001
SIM-A0021,2026-09-06,820000.00,0.00,820000.00,CNY,SIM-SNAPSHOT-20261001
SIM-A0021,2026-09-07,820000.00,0.00,820000.00,CNY,SIM-SNAPSHOT-20261001
SIM-A0021,2026-09-08,820000.00,-5000.00,815000.00,CNY,SIM-SNAPSHOT-20261001
SIM-A0021,2026-09-09,815000.00,0.00,815000.00,CNY,SIM-SNAPSHOT-20261001
SIM-A0021,2026-09-10,815000.00,0.00,815000.00,CNY,SIM-SNAPSHOT-20261001
SIM-A0021,2026-09-11,815000.00,0.00,815000.00,CNY,SIM-SNAPSHOT-20261001
SIM-A0021,2026-09-12,815000.00,0.00,815000.00,CNY,SIM-SNAPSHOT-20261001
SIM-A0021,2026-09-13,815000.00,0.00,815000.00,CNY,SIM-SNAPSHOT-20261001
SIM-A0021,2026-09-14,815000.00,40000.00,855000.00,CNY,SIM-SNAPSHOT-20261001
SIM-A0021,2026-09-15,855000.00,0.00,855000.00,CNY,SIM-SNAPSHOT-20261001
SIM-A0021,2026-09-16,855000.00,0.00,855000.00,CNY,SIM-SNAPSHOT-20261001
SIM-A0021,2026-09-17,855000.00,0.00,855000.00,CNY,SIM-SNAPSHOT-20261001
SIM-A0021,2026-09-18,855000.00,0.00,855000.00,CNY,SIM-SNAPSHOT-20261001
SIM-A0021,2026-09-19,855000.00,-10000.00,845000.00,CNY,SIM-SNAPSHOT-20261001
SIM-A0021,2026-09-20,845000.00,0.00,845000.00,CNY,SIM-SNAPSHOT-20261001
SIM-A0021,2026-09-21,845000.00,0.00,845000.00,CNY,SIM-SNAPSHOT-20261001
SIM-A0021,2026-09-22,845000.00,0.00,845000.00,CNY,SIM-SNAPSHOT-20261001
SIM-A0021,2026-09-23,845000.00,0.00,845000.00,CNY,SIM-SNAPSHOT-20261001
SIM-A0021,2026-09-24,845000.00,15000.00,860000.00,CNY,SIM-SNAPSHOT-20261001
SIM-A0021,2026-09-25,860000.00,0.00,860000.00,CNY,SIM-SNAPSHOT-20261001
SIM-A0021,2026-09-26,860000.00,0.00,860000.00,CNY,SIM-SNAPSHOT-20261001
SIM-A0021,2026-09-27,860000.00,0.00,860000.00,CNY,SIM-SNAPSHOT-20261001
SIM-A0021,2026-09-28,860000.00,-20000.00,840000.00,CNY,SIM-SNAPSHOT-20261001
SIM-A0021,2026-09-29,840000.00,0.00,840000.00,CNY,SIM-SNAPSHOT-20261001
SIM-A0021,2026-09-30,840000.00,0.00,840000.00,CNY,SIM-SNAPSHOT-20261001
SIM-A0022,2026-09-01,120000.00,0.00,120000.00,USD,SIM-SNAPSHOT-20261001
SIM-A0022,2026-09-02,120000.00,0.00,120000.00,USD,SIM-SNAPSHOT-20261001
SIM-A0022,2026-09-03,120000.00,0.00,120000.00,USD,SIM-SNAPSHOT-20261001
SIM-A0022,2026-09-04,120000.00,0.00,120000.00,USD,SIM-SNAPSHOT-20261001
SIM-A0022,2026-09-05,120000.00,0.00,120000.00,USD,SIM-SNAPSHOT-20261001
SIM-A0022,2026-09-06,120000.00,0.00,120000.00,USD,SIM-SNAPSHOT-20261001
SIM-A0022,2026-09-07,120000.00,0.00,120000.00,USD,SIM-SNAPSHOT-20261001
SIM-A0022,2026-09-08,120000.00,0.00,120000.00,USD,SIM-SNAPSHOT-20261001
SIM-A0022,2026-09-09,120000.00,0.00,120000.00,USD,SIM-SNAPSHOT-20261001
SIM-A0022,2026-09-10,120000.00,0.00,120000.00,USD,SIM-SNAPSHOT-20261001
SIM-A0022,2026-09-11,120000.00,0.00,120000.00,USD,SIM-SNAPSHOT-20261001
SIM-A0022,2026-09-12,120000.00,0.00,120000.00,USD,SIM-SNAPSHOT-20261001
SIM-A0022,2026-09-13,120000.00,0.00,120000.00,USD,SIM-SNAPSHOT-20261001
SIM-A0022,2026-09-14,120000.00,0.00,120000.00,USD,SIM-SNAPSHOT-20261001
SIM-A0022,2026-09-15,120000.00,0.00,120000.00,USD,SIM-SNAPSHOT-20261001
SIM-A0022,2026-09-16,120000.00,0.00,120000.00,USD,SIM-SNAPSHOT-20261001
SIM-A0022,2026-09-17,120000.00,0.00,120000.00,USD,SIM-SNAPSHOT-20261001
SIM-A0022,2026-09-18,120000.00,0.00,120000.00,USD,SIM-SNAPSHOT-20261001
SIM-A0022,2026-09-19,120000.00,0.00,120000.00,USD,SIM-SNAPSHOT-20261001
SIM-A0022,2026-09-20,120000.00,0.00,120000.00,USD,SIM-SNAPSHOT-20261001
SIM-A0022,2026-09-21,120000.00,0.00,120000.00,USD,SIM-SNAPSHOT-20261001
SIM-A0022,2026-09-22,120000.00,0.00,120000.00,USD,SIM-SNAPSHOT-20261001
SIM-A0022,2026-09-23,120000.00,0.00,120000.00,USD,SIM-SNAPSHOT-20261001
SIM-A0022,2026-09-24,120000.00,0.00,120000.00,USD,SIM-SNAPSHOT-20261001
SIM-A0022,2026-09-25,120000.00,0.00,120000.00,USD,SIM-SNAPSHOT-20261001
SIM-A0022,2026-09-26,120000.00,0.00,120000.00,USD,SIM-SNAPSHOT-20261001
SIM-A0022,2026-09-27,120000.00,0.00,120000.00,USD,SIM-SNAPSHOT-20261001
SIM-A0022,2026-09-28,120000.00,0.00,120000.00,USD,SIM-SNAPSHOT-20261001
SIM-A0022,2026-09-29,120000.00,0.00,120000.00,USD,SIM-SNAPSHOT-20261001
SIM-A0022,2026-09-30,120000.00,0.00,120000.00,USD,SIM-SNAPSHOT-20261001
SIM-A0031,2026-09-01,2100000.00,0.00,2100000.00,CNY,SIM-SNAPSHOT-20261001
SIM-A0031,2026-09-02,2100000.00,0.00,2100000.00,CNY,SIM-SNAPSHOT-20261001
SIM-A0031,2026-09-03,2100000.00,0.00,2100000.00,CNY,SIM-SNAPSHOT-20261001
SIM-A0031,2026-09-04,2100000.00,20000.00,2120000.00,CNY,SIM-SNAPSHOT-20261001
SIM-A0031,2026-09-05,2120000.00,0.00,2120000.00,CNY,SIM-SNAPSHOT-20261001
SIM-A0031,2026-09-06,2120000.00,0.00,2120000.00,CNY,SIM-SNAPSHOT-20261001
SIM-A0031,2026-09-07,2120000.00,0.00,2120000.00,CNY,SIM-SNAPSHOT-20261001
SIM-A0031,2026-09-08,2120000.00,-5000.00,2115000.00,CNY,SIM-SNAPSHOT-20261001
SIM-A0031,2026-09-09,2115000.00,0.00,2115000.00,CNY,SIM-SNAPSHOT-20261001
SIM-A0031,2026-09-10,2115000.00,0.00,2115000.00,CNY,SIM-SNAPSHOT-20261001
SIM-A0031,2026-09-11,2115000.00,0.00,2115000.00,CNY,SIM-SNAPSHOT-20261001
SIM-A0031,2026-09-12,2115000.00,0.00,2115000.00,CNY,SIM-SNAPSHOT-20261001
SIM-A0031,2026-09-13,2115000.00,0.00,2115000.00,CNY,SIM-SNAPSHOT-20261001
SIM-A0031,2026-09-14,2115000.00,40000.00,2155000.00,CNY,SIM-SNAPSHOT-20261001
SIM-A0031,2026-09-15,2155000.00,0.00,2155000.00,CNY,SIM-SNAPSHOT-20261001
SIM-A0031,2026-09-16,2155000.00,0.00,2155000.00,CNY,SIM-SNAPSHOT-20261001
SIM-A0031,2026-09-17,2155000.00,0.00,2155000.00,CNY,SIM-SNAPSHOT-20261001
SIM-A0031,2026-09-18,2155000.00,0.00,2155000.00,CNY,SIM-SNAPSHOT-20261001
SIM-A0031,2026-09-19,2155000.00,-10000.00,2145000.00,CNY,SIM-SNAPSHOT-20261001
SIM-A0031,2026-09-20,2145000.00,0.00,2145000.00,CNY,SIM-SNAPSHOT-20261001
SIM-A0031,2026-09-21,2145000.00,0.00,2145000.00,CNY,SIM-SNAPSHOT-20261001
SIM-A0031,2026-09-22,2145000.00,0.00,2145000.00,CNY,SIM-SNAPSHOT-20261001
SIM-A0031,2026-09-23,2145000.00,0.00,2145000.00,CNY,SIM-SNAPSHOT-20261001
SIM-A0031,2026-09-24,2145000.00,15000.00,2160000.00,CNY,SIM-SNAPSHOT-20261001
SIM-A0031,2026-09-25,2160000.00,0.00,2160000.00,CNY,SIM-SNAPSHOT-20261001
SIM-A0031,2026-09-26,2160000.00,0.00,2160000.00,CNY,SIM-SNAPSHOT-20261001
SIM-A0031,2026-09-27,2160000.00,0.00,2160000.00,CNY,SIM-SNAPSHOT-20261001
SIM-A0031,2026-09-28,2160000.00,-20000.00,2140000.00,CNY,SIM-SNAPSHOT-20261001
SIM-A0031,2026-09-29,2140000.00,0.00,2140000.00,CNY,SIM-SNAPSHOT-20261001
SIM-A0031,2026-09-30,2140000.00,0.00,2140000.00,CNY,SIM-SNAPSHOT-20261001
SIM-A0032,2026-09-01,900000.00,0.00,900000.00,CNY,SIM-SNAPSHOT-20261001
SIM-A0032,2026-09-02,900000.00,0.00,900000.00,CNY,SIM-SNAPSHOT-20261001
SIM-A0032,2026-09-03,900000.00,0.00,900000.00,CNY,SIM-SNAPSHOT-20261001
SIM-A0032,2026-09-04,900000.00,0.00,900000.00,CNY,SIM-SNAPSHOT-20261001
SIM-A0032,2026-09-05,900000.00,0.00,900000.00,CNY,SIM-SNAPSHOT-20261001
SIM-A0032,2026-09-06,900000.00,0.00,900000.00,CNY,SIM-SNAPSHOT-20261001
SIM-A0032,2026-09-07,900000.00,0.00,900000.00,CNY,SIM-SNAPSHOT-20261001
SIM-A0032,2026-09-08,900000.00,0.00,900000.00,CNY,SIM-SNAPSHOT-20261001
SIM-A0032,2026-09-09,900000.00,0.00,900000.00,CNY,SIM-SNAPSHOT-20261001
SIM-A0032,2026-09-10,900000.00,0.00,900000.00,CNY,SIM-SNAPSHOT-20261001
SIM-A0032,2026-09-11,900000.00,0.00,900000.00,CNY,SIM-SNAPSHOT-20261001
SIM-A0032,2026-09-12,900000.00,0.00,900000.00,CNY,SIM-SNAPSHOT-20261001
SIM-A0032,2026-09-13,900000.00,0.00,900000.00,CNY,SIM-SNAPSHOT-20261001
SIM-A0032,2026-09-14,900000.00,0.00,900000.00,CNY,SIM-SNAPSHOT-20261001
SIM-A0032,2026-09-15,900000.00,0.00,900000.00,CNY,SIM-SNAPSHOT-20261001
SIM-A0032,2026-09-16,900000.00,0.00,900000.00,CNY,SIM-SNAPSHOT-20261001
SIM-A0032,2026-09-17,900000.00,0.00,900000.00,CNY,SIM-SNAPSHOT-20261001
SIM-A0032,2026-09-18,900000.00,0.00,900000.00,CNY,SIM-SNAPSHOT-20261001
SIM-A0032,2026-09-19,900000.00,0.00,900000.00,CNY,SIM-SNAPSHOT-20261001
SIM-A0032,2026-09-20,900000.00,0.00,900000.00,CNY,SIM-SNAPSHOT-20261001
SIM-A0032,2026-09-21,900000.00,0.00,900000.00,CNY,SIM-SNAPSHOT-20261001
SIM-A0032,2026-09-22,900000.00,0.00,900000.00,CNY,SIM-SNAPSHOT-20261001
SIM-A0032,2026-09-23,900000.00,0.00,900000.00,CNY,SIM-SNAPSHOT-20261001
SIM-A0032,2026-09-24,900000.00,0.00,900000.00,CNY,SIM-SNAPSHOT-20261001
SIM-A0032,2026-09-25,900000.00,0.00,900000.00,CNY,SIM-SNAPSHOT-20261001
SIM-A0032,2026-09-26,900000.00,0.00,900000.00,CNY,SIM-SNAPSHOT-20261001
SIM-A0032,2026-09-27,900000.00,0.00,900000.00,CNY,SIM-SNAPSHOT-20261001
SIM-A0032,2026-09-28,900000.00,0.00,900000.00,CNY,SIM-SNAPSHOT-20261001
SIM-A0032,2026-09-29,900000.00,0.00,900000.00,CNY,SIM-SNAPSHOT-20261001
SIM-A0032,2026-09-30,900000.00,0.00,900000.00,CNY,SIM-SNAPSHOT-20261001
SIM-A0041,2026-09-01,600000.00,0.00,600000.00,CNY,SIM-SNAPSHOT-20261001
SIM-A0041,2026-09-02,600000.00,0.00,600000.00,CNY,SIM-SNAPSHOT-20261001
SIM-A0041,2026-09-03,600000.00,0.00,600000.00,CNY,SIM-SNAPSHOT-20261001
SIM-A0041,2026-09-04,600000.00,20000.00,620000.00,CNY,SIM-SNAPSHOT-20261001
SIM-A0041,2026-09-05,620000.00,0.00,620000.00,CNY,SIM-SNAPSHOT-20261001
SIM-A0041,2026-09-06,620000.00,0.00,620000.00,CNY,SIM-SNAPSHOT-20261001
SIM-A0041,2026-09-07,620000.00,0.00,620000.00,CNY,SIM-SNAPSHOT-20261001
SIM-A0041,2026-09-08,620000.00,-5000.00,615000.00,CNY,SIM-SNAPSHOT-20261001
SIM-A0041,2026-09-09,615000.00,0.00,615000.00,CNY,SIM-SNAPSHOT-20261001
SIM-A0041,2026-09-10,615000.00,0.00,615000.00,CNY,SIM-SNAPSHOT-20261001
SIM-A0041,2026-09-11,615000.00,0.00,615000.00,CNY,SIM-SNAPSHOT-20261001
SIM-A0041,2026-09-12,615000.00,0.00,615000.00,CNY,SIM-SNAPSHOT-20261001
SIM-A0041,2026-09-13,615000.00,0.00,615000.00,CNY,SIM-SNAPSHOT-20261001
SIM-A0041,2026-09-14,615000.00,40000.00,655000.00,CNY,SIM-SNAPSHOT-20261001
SIM-A0041,2026-09-15,655000.00,0.00,655000.00,CNY,SIM-SNAPSHOT-20261001
SIM-A0041,2026-09-16,655000.00,0.00,655000.00,CNY,SIM-SNAPSHOT-20261001
SIM-A0041,2026-09-17,655000.00,0.00,655000.00,CNY,SIM-SNAPSHOT-20261001
SIM-A0041,2026-09-18,655000.00,0.00,655000.00,CNY,SIM-SNAPSHOT-20261001
SIM-A0041,2026-09-19,655000.00,-10000.00,645000.00,CNY,SIM-SNAPSHOT-20261001
SIM-A0041,2026-09-20,645000.00,0.00,645000.00,CNY,SIM-SNAPSHOT-20261001
SIM-A0041,2026-09-21,645000.00,0.00,645000.00,CNY,SIM-SNAPSHOT-20261001
SIM-A0041,2026-09-22,645000.00,0.00,645000.00,CNY,SIM-SNAPSHOT-20261001
SIM-A0041,2026-09-23,645000.00,0.00,645000.00,CNY,SIM-SNAPSHOT-20261001
SIM-A0041,2026-09-24,645000.00,15000.00,660000.00,CNY,SIM-SNAPSHOT-20261001
SIM-A0041,2026-09-25,660000.00,0.00,660000.00,CNY,SIM-SNAPSHOT-20261001
SIM-A0041,2026-09-26,660000.00,0.00,660000.00,CNY,SIM-SNAPSHOT-20261001
SIM-A0041,2026-09-27,660000.00,0.00,660000.00,CNY,SIM-SNAPSHOT-20261001
SIM-A0041,2026-09-28,660000.00,-20000.00,640000.00,CNY,SIM-SNAPSHOT-20261001
SIM-A0041,2026-09-29,640000.00,0.00,640000.00,CNY,SIM-SNAPSHOT-20261001
SIM-A0041,2026-09-30,640000.00,0.00,640000.00,CNY,SIM-SNAPSHOT-20261001
SIM-A0042,2026-09-01,300000.00,0.00,300000.00,CNY,SIM-SNAPSHOT-20261001
SIM-A0042,2026-09-02,300000.00,0.00,300000.00,CNY,SIM-SNAPSHOT-20261001
SIM-A0042,2026-09-03,300000.00,0.00,300000.00,CNY,SIM-SNAPSHOT-20261001
SIM-A0042,2026-09-04,300000.00,0.00,300000.00,CNY,SIM-SNAPSHOT-20261001
SIM-A0042,2026-09-05,300000.00,0.00,300000.00,CNY,SIM-SNAPSHOT-20261001
SIM-A0042,2026-09-06,300000.00,0.00,300000.00,CNY,SIM-SNAPSHOT-20261001
SIM-A0042,2026-09-07,300000.00,0.00,300000.00,CNY,SIM-SNAPSHOT-20261001
SIM-A0042,2026-09-08,300000.00,0.00,300000.00,CNY,SIM-SNAPSHOT-20261001
SIM-A0042,2026-09-09,300000.00,0.00,300000.00,CNY,SIM-SNAPSHOT-20261001
SIM-A0042,2026-09-10,300000.00,0.00,300000.00,CNY,SIM-SNAPSHOT-20261001
SIM-A0042,2026-09-11,300000.00,0.00,300000.00,CNY,SIM-SNAPSHOT-20261001
SIM-A0042,2026-09-12,300000.00,0.00,300000.00,CNY,SIM-SNAPSHOT-20261001
SIM-A0042,2026-09-13,300000.00,0.00,300000.00,CNY,SIM-SNAPSHOT-20261001
SIM-A0042,2026-09-14,300000.00,0.00,300000.00,CNY,SIM-SNAPSHOT-20261001
SIM-A0042,2026-09-15,300000.00,0.00,300000.00,CNY,SIM-SNAPSHOT-20261001
SIM-A0042,2026-09-16,300000.00,0.00,300000.00,CNY,SIM-SNAPSHOT-20261001
SIM-A0042,2026-09-17,300000.00,0.00,300000.00,CNY,SIM-SNAPSHOT-20261001
SIM-A0042,2026-09-18,300000.00,0.00,300000.00,CNY,SIM-SNAPSHOT-20261001
SIM-A0042,2026-09-19,300000.00,0.00,300000.00,CNY,SIM-SNAPSHOT-20261001
SIM-A0042,2026-09-20,300000.00,0.00,300000.00,CNY,SIM-SNAPSHOT-20261001
SIM-A0042,2026-09-21,300000.00,0.00,300000.00,CNY,SIM-SNAPSHOT-20261001
SIM-A0042,2026-09-22,300000.00,0.00,300000.00,CNY,SIM-SNAPSHOT-20261001
SIM-A0042,2026-09-23,300000.00,0.00,300000.00,CNY,SIM-SNAPSHOT-20261001
SIM-A0042,2026-09-24,300000.00,0.00,300000.00,CNY,SIM-SNAPSHOT-20261001
SIM-A0042,2026-09-25,300000.00,0.00,300000.00,CNY,SIM-SNAPSHOT-20261001
SIM-A0042,2026-09-26,300000.00,0.00,300000.00,CNY,SIM-SNAPSHOT-20261001
SIM-A0042,2026-09-27,300000.00,0.00,300000.00,CNY,SIM-SNAPSHOT-20261001
SIM-A0042,2026-09-28,300000.00,0.00,300000.00,CNY,SIM-SNAPSHOT-20261001
SIM-A0042,2026-09-29,300000.00,0.00,300000.00,CNY,SIM-SNAPSHOT-20261001
SIM-A0042,2026-09-30,300000.00,0.00,300000.00,CNY,SIM-SNAPSHOT-20261001
SIM-A0051,2026-09-01,1800000.00,0.00,1800000.00,CNY,SIM-SNAPSHOT-20261001
SIM-A0051,2026-09-02,1800000.00,0.00,1800000.00,CNY,SIM-SNAPSHOT-20261001
SIM-A0051,2026-09-03,1800000.00,0.00,1800000.00,CNY,SIM-SNAPSHOT-20261001
SIM-A0051,2026-09-04,1800000.00,20000.00,1820000.00,CNY,SIM-SNAPSHOT-20261001
SIM-A0051,2026-09-05,1820000.00,0.00,1820000.00,CNY,SIM-SNAPSHOT-20261001
SIM-A0051,2026-09-06,1820000.00,0.00,1820000.00,CNY,SIM-SNAPSHOT-20261001
SIM-A0051,2026-09-07,1820000.00,0.00,1820000.00,CNY,SIM-SNAPSHOT-20261001
SIM-A0051,2026-09-08,1820000.00,-5000.00,1815000.00,CNY,SIM-SNAPSHOT-20261001
SIM-A0051,2026-09-09,1815000.00,0.00,1815000.00,CNY,SIM-SNAPSHOT-20261001
SIM-A0051,2026-09-10,1815000.00,0.00,1815000.00,CNY,SIM-SNAPSHOT-20261001
SIM-A0051,2026-09-11,1815000.00,0.00,1815000.00,CNY,SIM-SNAPSHOT-20261001
SIM-A0051,2026-09-12,1815000.00,0.00,1815000.00,CNY,SIM-SNAPSHOT-20261001
SIM-A0051,2026-09-13,1815000.00,0.00,1815000.00,CNY,SIM-SNAPSHOT-20261001
SIM-A0051,2026-09-14,1815000.00,40000.00,1855000.00,CNY,SIM-SNAPSHOT-20261001
SIM-A0051,2026-09-15,1855000.00,0.00,1855000.00,CNY,SIM-SNAPSHOT-20261001
SIM-A0051,2026-09-16,1855000.00,0.00,1855000.00,CNY,SIM-SNAPSHOT-20261001
SIM-A0051,2026-09-17,1855000.00,0.00,1855000.00,CNY,SIM-SNAPSHOT-20261001
SIM-A0051,2026-09-18,1855000.00,0.00,1855000.00,CNY,SIM-SNAPSHOT-20261001
SIM-A0051,2026-09-19,1855000.00,-10000.00,1845000.00,CNY,SIM-SNAPSHOT-20261001
SIM-A0051,2026-09-20,1845000.00,0.00,1845000.00,CNY,SIM-SNAPSHOT-20261001
SIM-A0051,2026-09-21,1845000.00,0.00,1845000.00,CNY,SIM-SNAPSHOT-20261001
SIM-A0051,2026-09-22,1845000.00,0.00,1845000.00,CNY,SIM-SNAPSHOT-20261001
SIM-A0051,2026-09-23,1845000.00,0.00,1845000.00,CNY,SIM-SNAPSHOT-20261001
SIM-A0051,2026-09-24,1845000.00,15000.00,1860000.00,CNY,SIM-SNAPSHOT-20261001
SIM-A0051,2026-09-25,1860000.00,0.00,1860000.00,CNY,SIM-SNAPSHOT-20261001
SIM-A0051,2026-09-26,1860000.00,0.00,1860000.00,CNY,SIM-SNAPSHOT-20261001
SIM-A0051,2026-09-27,1860000.00,0.00,1860000.00,CNY,SIM-SNAPSHOT-20261001
SIM-A0051,2026-09-28,1860000.00,-20000.00,1840000.00,CNY,SIM-SNAPSHOT-20261001
SIM-A0051,2026-09-29,1840000.00,0.00,1840000.00,CNY,SIM-SNAPSHOT-20261001
SIM-A0051,2026-09-30,1840000.00,0.00,1840000.00,CNY,SIM-SNAPSHOT-20261001
SIM-A0052,2026-09-01,700000.00,0.00,700000.00,CNY,SIM-SNAPSHOT-20261001
SIM-A0052,2026-09-02,700000.00,0.00,700000.00,CNY,SIM-SNAPSHOT-20261001
SIM-A0052,2026-09-03,700000.00,0.00,700000.00,CNY,SIM-SNAPSHOT-20261001
SIM-A0052,2026-09-04,700000.00,0.00,700000.00,CNY,SIM-SNAPSHOT-20261001
SIM-A0052,2026-09-05,700000.00,0.00,700000.00,CNY,SIM-SNAPSHOT-20261001
SIM-A0052,2026-09-06,700000.00,0.00,700000.00,CNY,SIM-SNAPSHOT-20261001
SIM-A0052,2026-09-07,700000.00,0.00,700000.00,CNY,SIM-SNAPSHOT-20261001
SIM-A0052,2026-09-08,700000.00,0.00,700000.00,CNY,SIM-SNAPSHOT-20261001
SIM-A0052,2026-09-09,700000.00,0.00,700000.00,CNY,SIM-SNAPSHOT-20261001
SIM-A0052,2026-09-10,700000.00,0.00,700000.00,CNY,SIM-SNAPSHOT-20261001
SIM-A0052,2026-09-11,700000.00,0.00,700000.00,CNY,SIM-SNAPSHOT-20261001
SIM-A0052,2026-09-12,700000.00,0.00,700000.00,CNY,SIM-SNAPSHOT-20261001
SIM-A0052,2026-09-13,700000.00,0.00,700000.00,CNY,SIM-SNAPSHOT-20261001
SIM-A0052,2026-09-14,700000.00,0.00,700000.00,CNY,SIM-SNAPSHOT-20261001
SIM-A0052,2026-09-15,700000.00,0.00,700000.00,CNY,SIM-SNAPSHOT-20261001
SIM-A0052,2026-09-16,700000.00,0.00,700000.00,CNY,SIM-SNAPSHOT-20261001
SIM-A0052,2026-09-17,700000.00,0.00,700000.00,CNY,SIM-SNAPSHOT-20261001
SIM-A0052,2026-09-18,700000.00,0.00,700000.00,CNY,SIM-SNAPSHOT-20261001
SIM-A0052,2026-09-19,700000.00,0.00,700000.00,CNY,SIM-SNAPSHOT-20261001
SIM-A0052,2026-09-20,700000.00,0.00,700000.00,CNY,SIM-SNAPSHOT-20261001
SIM-A0052,2026-09-21,700000.00,0.00,700000.00,CNY,SIM-SNAPSHOT-20261001
SIM-A0052,2026-09-22,700000.00,0.00,700000.00,CNY,SIM-SNAPSHOT-20261001
SIM-A0052,2026-09-23,700000.00,0.00,700000.00,CNY,SIM-SNAPSHOT-20261001
SIM-A0052,2026-09-24,700000.00,0.00,700000.00,CNY,SIM-SNAPSHOT-20261001
SIM-A0052,2026-09-25,700000.00,0.00,700000.00,CNY,SIM-SNAPSHOT-20261001
SIM-A0052,2026-09-26,700000.00,0.00,700000.00,CNY,SIM-SNAPSHOT-20261001
SIM-A0052,2026-09-27,700000.00,0.00,700000.00,CNY,SIM-SNAPSHOT-20261001
SIM-A0052,2026-09-28,700000.00,0.00,700000.00,CNY,SIM-SNAPSHOT-20261001
SIM-A0052,2026-09-29,700000.00,0.00,700000.00,CNY,SIM-SNAPSHOT-20261001
SIM-A0052,2026-09-30,700000.00,0.00,700000.00,CNY,SIM-SNAPSHOT-20261001
SIM-A0061,2026-09-01,950000.00,0.00,950000.00,CNY,SIM-SNAPSHOT-20261001
SIM-A0061,2026-09-02,950000.00,0.00,950000.00,CNY,SIM-SNAPSHOT-20261001
SIM-A0061,2026-09-03,950000.00,0.00,950000.00,CNY,SIM-SNAPSHOT-20261001
SIM-A0061,2026-09-04,950000.00,20000.00,970000.00,CNY,SIM-SNAPSHOT-20261001
SIM-A0061,2026-09-05,970000.00,0.00,970000.00,CNY,SIM-SNAPSHOT-20261001
SIM-A0061,2026-09-06,970000.00,0.00,970000.00,CNY,SIM-SNAPSHOT-20261001
SIM-A0061,2026-09-07,970000.00,0.00,970000.00,CNY,SIM-SNAPSHOT-20261001
SIM-A0061,2026-09-08,970000.00,-5000.00,965000.00,CNY,SIM-SNAPSHOT-20261001
SIM-A0061,2026-09-09,965000.00,0.00,965000.00,CNY,SIM-SNAPSHOT-20261001
SIM-A0061,2026-09-10,965000.00,0.00,965000.00,CNY,SIM-SNAPSHOT-20261001
SIM-A0061,2026-09-11,965000.00,0.00,965000.00,CNY,SIM-SNAPSHOT-20261001
SIM-A0061,2026-09-12,965000.00,0.00,965000.00,CNY,SIM-SNAPSHOT-20261001
SIM-A0061,2026-09-13,965000.00,0.00,965000.00,CNY,SIM-SNAPSHOT-20261001
SIM-A0061,2026-09-14,965000.00,40000.00,1005000.00,CNY,SIM-SNAPSHOT-20261001
SIM-A0061,2026-09-15,1005000.00,0.00,1005000.00,CNY,SIM-SNAPSHOT-20261001
SIM-A0061,2026-09-16,1005000.00,0.00,1005000.00,CNY,SIM-SNAPSHOT-20261001
SIM-A0061,2026-09-17,1005000.00,0.00,1005000.00,CNY,SIM-SNAPSHOT-20261001
SIM-A0061,2026-09-18,1005000.00,0.00,1005000.00,CNY,SIM-SNAPSHOT-20261001
SIM-A0061,2026-09-19,1005000.00,-10000.00,995000.00,CNY,SIM-SNAPSHOT-20261001
SIM-A0061,2026-09-20,995000.00,0.00,995000.00,CNY,SIM-SNAPSHOT-20261001
SIM-A0061,2026-09-21,995000.00,0.00,995000.00,CNY,SIM-SNAPSHOT-20261001
SIM-A0061,2026-09-22,995000.00,0.00,995000.00,CNY,SIM-SNAPSHOT-20261001
SIM-A0061,2026-09-23,995000.00,0.00,995000.00,CNY,SIM-SNAPSHOT-20261001
SIM-A0061,2026-09-24,995000.00,15000.00,1010000.00,CNY,SIM-SNAPSHOT-20261001
SIM-A0061,2026-09-25,1010000.00,0.00,1010000.00,CNY,SIM-SNAPSHOT-20261001
SIM-A0061,2026-09-26,1010000.00,0.00,1010000.00,CNY,SIM-SNAPSHOT-20261001
SIM-A0061,2026-09-27,1010000.00,0.00,1010000.00,CNY,SIM-SNAPSHOT-20261001
SIM-A0061,2026-09-28,1010000.00,-20000.00,990000.00,CNY,SIM-SNAPSHOT-20261001
SIM-A0061,2026-09-29,990000.00,0.00,990000.00,CNY,SIM-SNAPSHOT-20261001
SIM-A0061,2026-09-30,990000.00,0.00,990000.00,CNY,SIM-SNAPSHOT-20261001
SIM-A0062,2026-09-01,450000.00,0.00,450000.00,CNY,SIM-SNAPSHOT-20261001
SIM-A0062,2026-09-02,450000.00,0.00,450000.00,CNY,SIM-SNAPSHOT-20261001
SIM-A0062,2026-09-03,450000.00,0.00,450000.00,CNY,SIM-SNAPSHOT-20261001
SIM-A0062,2026-09-04,450000.00,0.00,450000.00,CNY,SIM-SNAPSHOT-20261001
SIM-A0062,2026-09-05,450000.00,0.00,450000.00,CNY,SIM-SNAPSHOT-20261001
SIM-A0062,2026-09-06,450000.00,0.00,450000.00,CNY,SIM-SNAPSHOT-20261001
SIM-A0062,2026-09-07,450000.00,0.00,450000.00,CNY,SIM-SNAPSHOT-20261001
SIM-A0062,2026-09-08,450000.00,0.00,450000.00,CNY,SIM-SNAPSHOT-20261001
SIM-A0062,2026-09-09,450000.00,0.00,450000.00,CNY,SIM-SNAPSHOT-20261001
SIM-A0062,2026-09-10,450000.00,0.00,450000.00,CNY,SIM-SNAPSHOT-20261001
SIM-A0062,2026-09-11,450000.00,0.00,450000.00,CNY,SIM-SNAPSHOT-20261001
SIM-A0062,2026-09-12,450000.00,0.00,450000.00,CNY,SIM-SNAPSHOT-20261001
SIM-A0062,2026-09-13,450000.00,0.00,450000.00,CNY,SIM-SNAPSHOT-20261001
SIM-A0062,2026-09-14,450000.00,0.00,450000.00,CNY,SIM-SNAPSHOT-20261001
SIM-A0062,2026-09-15,450000.00,0.00,450000.00,CNY,SIM-SNAPSHOT-20261001
SIM-A0062,2026-09-16,450000.00,0.00,450000.00,CNY,SIM-SNAPSHOT-20261001
SIM-A0062,2026-09-17,450000.00,0.00,450000.00,CNY,SIM-SNAPSHOT-20261001
SIM-A0062,2026-09-18,450000.00,0.00,450000.00,CNY,SIM-SNAPSHOT-20261001
SIM-A0062,2026-09-19,450000.00,0.00,450000.00,CNY,SIM-SNAPSHOT-20261001
SIM-A0062,2026-09-20,450000.00,0.00,450000.00,CNY,SIM-SNAPSHOT-20261001
SIM-A0062,2026-09-21,450000.00,0.00,450000.00,CNY,SIM-SNAPSHOT-20261001
SIM-A0062,2026-09-22,450000.00,0.00,450000.00,CNY,SIM-SNAPSHOT-20261001
SIM-A0062,2026-09-23,450000.00,0.00,450000.00,CNY,SIM-SNAPSHOT-20261001
SIM-A0062,2026-09-24,450000.00,0.00,450000.00,CNY,SIM-SNAPSHOT-20261001
SIM-A0062,2026-09-25,450000.00,0.00,450000.00,CNY,SIM-SNAPSHOT-20261001
SIM-A0062,2026-09-26,450000.00,0.00,450000.00,CNY,SIM-SNAPSHOT-20261001
SIM-A0062,2026-09-27,450000.00,0.00,450000.00,CNY,SIM-SNAPSHOT-20261001
SIM-A0062,2026-09-28,450000.00,0.00,450000.00,CNY,SIM-SNAPSHOT-20261001
SIM-A0062,2026-09-29,450000.00,0.00,450000.00,CNY,SIM-SNAPSHOT-20261001
SIM-A0062,2026-09-30,450000.00,0.00,450000.00,CNY,SIM-SNAPSHOT-20261001
SIM-A0071,2026-09-01,1600000.00,0.00,1600000.00,CNY,SIM-SNAPSHOT-20261001
SIM-A0071,2026-09-02,1600000.00,0.00,1600000.00,CNY,SIM-SNAPSHOT-20261001
SIM-A0071,2026-09-03,1600000.00,0.00,1600000.00,CNY,SIM-SNAPSHOT-20261001
SIM-A0071,2026-09-04,1600000.00,20000.00,1620000.00,CNY,SIM-SNAPSHOT-20261001
SIM-A0071,2026-09-05,1620000.00,0.00,1620000.00,CNY,SIM-SNAPSHOT-20261001
SIM-A0071,2026-09-06,1620000.00,0.00,1620000.00,CNY,SIM-SNAPSHOT-20261001
SIM-A0071,2026-09-07,1620000.00,0.00,1620000.00,CNY,SIM-SNAPSHOT-20261001
SIM-A0071,2026-09-08,1620000.00,-5000.00,1615000.00,CNY,SIM-SNAPSHOT-20261001
SIM-A0071,2026-09-09,1615000.00,0.00,1615000.00,CNY,SIM-SNAPSHOT-20261001
SIM-A0071,2026-09-10,1615000.00,0.00,1615000.00,CNY,SIM-SNAPSHOT-20261001
SIM-A0071,2026-09-11,1615000.00,0.00,1615000.00,CNY,SIM-SNAPSHOT-20261001
SIM-A0071,2026-09-12,1615000.00,0.00,1615000.00,CNY,SIM-SNAPSHOT-20261001
SIM-A0071,2026-09-13,1615000.00,0.00,1615000.00,CNY,SIM-SNAPSHOT-20261001
SIM-A0071,2026-09-14,1615000.00,40000.00,1655000.00,CNY,SIM-SNAPSHOT-20261001
SIM-A0071,2026-09-15,1655000.00,0.00,1655000.00,CNY,SIM-SNAPSHOT-20261001
SIM-A0071,2026-09-16,1655000.00,0.00,1655000.00,CNY,SIM-SNAPSHOT-20261001
SIM-A0071,2026-09-17,1655000.00,0.00,1655000.00,CNY,SIM-SNAPSHOT-20261001
SIM-A0071,2026-09-18,1655000.00,0.00,1655000.00,CNY,SIM-SNAPSHOT-20261001
SIM-A0071,2026-09-19,1655000.00,-10000.00,1645000.00,CNY,SIM-SNAPSHOT-20261001
SIM-A0071,2026-09-20,1645000.00,0.00,1645000.00,CNY,SIM-SNAPSHOT-20261001
SIM-A0071,2026-09-21,1645000.00,0.00,1645000.00,CNY,SIM-SNAPSHOT-20261001
SIM-A0071,2026-09-22,1645000.00,0.00,1645000.00,CNY,SIM-SNAPSHOT-20261001
SIM-A0071,2026-09-23,1645000.00,0.00,1645000.00,CNY,SIM-SNAPSHOT-20261001
SIM-A0071,2026-09-24,1645000.00,15000.00,1660000.00,CNY,SIM-SNAPSHOT-20261001
SIM-A0071,2026-09-25,1660000.00,0.00,1660000.00,CNY,SIM-SNAPSHOT-20261001
SIM-A0071,2026-09-26,1660000.00,0.00,1660000.00,CNY,SIM-SNAPSHOT-20261001
SIM-A0071,2026-09-27,1660000.00,0.00,1660000.00,CNY,SIM-SNAPSHOT-20261001
SIM-A0071,2026-09-28,1660000.00,-20000.00,1640000.00,CNY,SIM-SNAPSHOT-20261001
SIM-A0071,2026-09-29,1640000.00,0.00,1640000.00,CNY,SIM-SNAPSHOT-20261001
SIM-A0071,2026-09-30,1640000.00,0.00,1640000.00,CNY,SIM-SNAPSHOT-20261001
SIM-A0072,2026-09-01,400000.00,0.00,400000.00,CNY,SIM-SNAPSHOT-20261001
SIM-A0072,2026-09-02,400000.00,0.00,400000.00,CNY,SIM-SNAPSHOT-20261001
SIM-A0072,2026-09-03,400000.00,0.00,400000.00,CNY,SIM-SNAPSHOT-20261001
SIM-A0072,2026-09-04,400000.00,0.00,400000.00,CNY,SIM-SNAPSHOT-20261001
SIM-A0072,2026-09-05,400000.00,0.00,400000.00,CNY,SIM-SNAPSHOT-20261001
SIM-A0072,2026-09-06,400000.00,0.00,400000.00,CNY,SIM-SNAPSHOT-20261001
SIM-A0072,2026-09-07,400000.00,0.00,400000.00,CNY,SIM-SNAPSHOT-20261001
SIM-A0072,2026-09-08,400000.00,0.00,400000.00,CNY,SIM-SNAPSHOT-20261001
SIM-A0072,2026-09-09,400000.00,0.00,400000.00,CNY,SIM-SNAPSHOT-20261001
SIM-A0072,2026-09-10,400000.00,0.00,400000.00,CNY,SIM-SNAPSHOT-20261001
SIM-A0072,2026-09-11,400000.00,0.00,400000.00,CNY,SIM-SNAPSHOT-20261001
SIM-A0072,2026-09-12,400000.00,0.00,400000.00,CNY,SIM-SNAPSHOT-20261001
SIM-A0072,2026-09-13,400000.00,0.00,400000.00,CNY,SIM-SNAPSHOT-20261001
SIM-A0072,2026-09-14,400000.00,0.00,400000.00,CNY,SIM-SNAPSHOT-20261001
SIM-A0072,2026-09-15,400000.00,0.00,400000.00,CNY,SIM-SNAPSHOT-20261001
SIM-A0072,2026-09-16,400000.00,0.00,400000.00,CNY,SIM-SNAPSHOT-20261001
SIM-A0072,2026-09-17,400000.00,0.00,400000.00,CNY,SIM-SNAPSHOT-20261001
SIM-A0072,2026-09-18,400000.00,0.00,400000.00,CNY,SIM-SNAPSHOT-20261001
SIM-A0072,2026-09-19,400000.00,0.00,400000.00,CNY,SIM-SNAPSHOT-20261001
SIM-A0072,2026-09-20,400000.00,0.00,400000.00,CNY,SIM-SNAPSHOT-20261001
SIM-A0072,2026-09-21,400000.00,0.00,400000.00,CNY,SIM-SNAPSHOT-20261001
SIM-A0072,2026-09-22,400000.00,0.00,400000.00,CNY,SIM-SNAPSHOT-20261001
SIM-A0072,2026-09-23,400000.00,0.00,400000.00,CNY,SIM-SNAPSHOT-20261001
SIM-A0072,2026-09-24,400000.00,0.00,400000.00,CNY,SIM-SNAPSHOT-20261001
SIM-A0072,2026-09-25,400000.00,0.00,400000.00,CNY,SIM-SNAPSHOT-20261001
SIM-A0072,2026-09-26,400000.00,0.00,400000.00,CNY,SIM-SNAPSHOT-20261001
SIM-A0072,2026-09-27,400000.00,0.00,400000.00,CNY,SIM-SNAPSHOT-20261001
SIM-A0072,2026-09-28,400000.00,0.00,400000.00,CNY,SIM-SNAPSHOT-20261001
SIM-A0072,2026-09-29,400000.00,0.00,400000.00,CNY,SIM-SNAPSHOT-20261001
SIM-A0072,2026-09-30,400000.00,0.00,400000.00,CNY,SIM-SNAPSHOT-20261001
SIM-A0081,2026-09-01,500000.00,0.00,500000.00,CNY,SIM-SNAPSHOT-20261001
SIM-A0081,2026-09-02,500000.00,0.00,500000.00,CNY,SIM-SNAPSHOT-20261001
SIM-A0081,2026-09-03,500000.00,0.00,500000.00,CNY,SIM-SNAPSHOT-20261001
SIM-A0081,2026-09-04,500000.00,20000.00,520000.00,CNY,SIM-SNAPSHOT-20261001
SIM-A0081,2026-09-05,520000.00,0.00,520000.00,CNY,SIM-SNAPSHOT-20261001
SIM-A0081,2026-09-06,520000.00,0.00,520000.00,CNY,SIM-SNAPSHOT-20261001
SIM-A0081,2026-09-07,520000.00,0.00,520000.00,CNY,SIM-SNAPSHOT-20261001
SIM-A0081,2026-09-08,520000.00,-5000.00,515000.00,CNY,SIM-SNAPSHOT-20261001
SIM-A0081,2026-09-09,515000.00,0.00,515000.00,CNY,SIM-SNAPSHOT-20261001
SIM-A0081,2026-09-10,515000.00,0.00,515000.00,CNY,SIM-SNAPSHOT-20261001
SIM-A0081,2026-09-11,515000.00,0.00,515000.00,CNY,SIM-SNAPSHOT-20261001
SIM-A0081,2026-09-12,515000.00,0.00,515000.00,CNY,SIM-SNAPSHOT-20261001
SIM-A0081,2026-09-13,515000.00,0.00,515000.00,CNY,SIM-SNAPSHOT-20261001
SIM-A0081,2026-09-14,515000.00,40000.00,555000.00,CNY,SIM-SNAPSHOT-20261001
SIM-A0081,2026-09-15,555000.00,0.00,555000.00,CNY,SIM-SNAPSHOT-20261001
SIM-A0081,2026-09-16,555000.00,0.00,555000.00,CNY,SIM-SNAPSHOT-20261001
SIM-A0081,2026-09-17,555000.00,0.00,555000.00,CNY,SIM-SNAPSHOT-20261001
SIM-A0081,2026-09-18,555000.00,0.00,555000.00,CNY,SIM-SNAPSHOT-20261001
SIM-A0081,2026-09-19,555000.00,-10000.00,545000.00,CNY,SIM-SNAPSHOT-20261001
SIM-A0081,2026-09-20,545000.00,0.00,545000.00,CNY,SIM-SNAPSHOT-20261001
SIM-A0081,2026-09-21,545000.00,0.00,545000.00,CNY,SIM-SNAPSHOT-20261001
SIM-A0081,2026-09-22,545000.00,0.00,545000.00,CNY,SIM-SNAPSHOT-20261001
SIM-A0081,2026-09-23,545000.00,0.00,545000.00,CNY,SIM-SNAPSHOT-20261001
SIM-A0081,2026-09-24,545000.00,15000.00,560000.00,CNY,SIM-SNAPSHOT-20261001
SIM-A0081,2026-09-25,560000.00,0.00,560000.00,CNY,SIM-SNAPSHOT-20261001
SIM-A0081,2026-09-26,560000.00,0.00,560000.00,CNY,SIM-SNAPSHOT-20261001
SIM-A0081,2026-09-27,560000.00,0.00,560000.00,CNY,SIM-SNAPSHOT-20261001
SIM-A0081,2026-09-28,560000.00,-20000.00,540000.00,CNY,SIM-SNAPSHOT-20261001
SIM-A0081,2026-09-29,540000.00,0.00,540000.00,CNY,SIM-SNAPSHOT-20261001
SIM-A0081,2026-09-30,540000.00,0.00,540000.00,CNY,SIM-SNAPSHOT-20261001
SIM-A0082,2026-09-01,200000.00,0.00,200000.00,CNY,SIM-SNAPSHOT-20261001
SIM-A0082,2026-09-02,200000.00,0.00,200000.00,CNY,SIM-SNAPSHOT-20261001
SIM-A0082,2026-09-03,200000.00,0.00,200000.00,CNY,SIM-SNAPSHOT-20261001
SIM-A0082,2026-09-04,200000.00,0.00,200000.00,CNY,SIM-SNAPSHOT-20261001
SIM-A0082,2026-09-05,200000.00,0.00,200000.00,CNY,SIM-SNAPSHOT-20261001
SIM-A0082,2026-09-06,200000.00,0.00,200000.00,CNY,SIM-SNAPSHOT-20261001
SIM-A0082,2026-09-07,200000.00,0.00,200000.00,CNY,SIM-SNAPSHOT-20261001
SIM-A0082,2026-09-08,200000.00,0.00,200000.00,CNY,SIM-SNAPSHOT-20261001
SIM-A0082,2026-09-09,200000.00,0.00,200000.00,CNY,SIM-SNAPSHOT-20261001
SIM-A0082,2026-09-10,200000.00,0.00,200000.00,CNY,SIM-SNAPSHOT-20261001
SIM-A0082,2026-09-11,200000.00,0.00,200000.00,CNY,SIM-SNAPSHOT-20261001
SIM-A0082,2026-09-12,200000.00,0.00,200000.00,CNY,SIM-SNAPSHOT-20261001
SIM-A0082,2026-09-13,200000.00,0.00,200000.00,CNY,SIM-SNAPSHOT-20261001
SIM-A0082,2026-09-14,200000.00,0.00,200000.00,CNY,SIM-SNAPSHOT-20261001
SIM-A0082,2026-09-15,200000.00,0.00,200000.00,CNY,SIM-SNAPSHOT-20261001
SIM-A0082,2026-09-16,200000.00,0.00,200000.00,CNY,SIM-SNAPSHOT-20261001
SIM-A0082,2026-09-17,200000.00,0.00,200000.00,CNY,SIM-SNAPSHOT-20261001
SIM-A0082,2026-09-18,200000.00,0.00,200000.00,CNY,SIM-SNAPSHOT-20261001
SIM-A0082,2026-09-19,200000.00,0.00,200000.00,CNY,SIM-SNAPSHOT-20261001
SIM-A0082,2026-09-20,200000.00,0.00,200000.00,CNY,SIM-SNAPSHOT-20261001
SIM-A0082,2026-09-21,200000.00,0.00,200000.00,CNY,SIM-SNAPSHOT-20261001
SIM-A0082,2026-09-22,200000.00,0.00,200000.00,CNY,SIM-SNAPSHOT-20261001
SIM-A0082,2026-09-23,200000.00,0.00,200000.00,CNY,SIM-SNAPSHOT-20261001
SIM-A0082,2026-09-24,200000.00,0.00,200000.00,CNY,SIM-SNAPSHOT-20261001
SIM-A0082,2026-09-25,200000.00,0.00,200000.00,CNY,SIM-SNAPSHOT-20261001
SIM-A0082,2026-09-26,200000.00,0.00,200000.00,CNY,SIM-SNAPSHOT-20261001
SIM-A0082,2026-09-27,200000.00,0.00,200000.00,CNY,SIM-SNAPSHOT-20261001
SIM-A0082,2026-09-28,200000.00,0.00,200000.00,CNY,SIM-SNAPSHOT-20261001
SIM-A0082,2026-09-29,200000.00,0.00,200000.00,CNY,SIM-SNAPSHOT-20261001
SIM-A0082,2026-09-30,200000.00,0.00,200000.00,CNY,SIM-SNAPSHOT-20261001
SIM-A0091,2026-09-01,1200000.00,0.00,1200000.00,CNY,SIM-SNAPSHOT-20261001
SIM-A0091,2026-09-02,1200000.00,0.00,1200000.00,CNY,SIM-SNAPSHOT-20261001
SIM-A0091,2026-09-03,1200000.00,0.00,1200000.00,CNY,SIM-SNAPSHOT-20261001
SIM-A0091,2026-09-04,1200000.00,20000.00,1220000.00,CNY,SIM-SNAPSHOT-20261001
SIM-A0091,2026-09-05,1220000.00,0.00,1220000.00,CNY,SIM-SNAPSHOT-20261001
SIM-A0091,2026-09-06,1220000.00,0.00,1220000.00,CNY,SIM-SNAPSHOT-20261001
SIM-A0091,2026-09-07,1220000.00,0.00,1220000.00,CNY,SIM-SNAPSHOT-20261001
SIM-A0091,2026-09-08,1220000.00,-5000.00,1215000.00,CNY,SIM-SNAPSHOT-20261001
SIM-A0091,2026-09-09,1215000.00,0.00,1215000.00,CNY,SIM-SNAPSHOT-20261001
SIM-A0091,2026-09-10,1215000.00,0.00,1215000.00,CNY,SIM-SNAPSHOT-20261001
SIM-A0091,2026-09-11,1215000.00,0.00,1215000.00,CNY,SIM-SNAPSHOT-20261001
SIM-A0091,2026-09-12,1215000.00,0.00,1215000.00,CNY,SIM-SNAPSHOT-20261001
SIM-A0091,2026-09-13,1215000.00,0.00,1215000.00,CNY,SIM-SNAPSHOT-20261001
SIM-A0091,2026-09-14,1215000.00,40000.00,1255000.00,CNY,SIM-SNAPSHOT-20261001
SIM-A0091,2026-09-15,1255000.00,0.00,1255000.00,CNY,SIM-SNAPSHOT-20261001
SIM-A0091,2026-09-16,1255000.00,0.00,1255000.00,CNY,SIM-SNAPSHOT-20261001
SIM-A0091,2026-09-17,1255000.00,0.00,1255000.00,CNY,SIM-SNAPSHOT-20261001
SIM-A0091,2026-09-18,1255000.00,0.00,1255000.00,CNY,SIM-SNAPSHOT-20261001
SIM-A0091,2026-09-19,1255000.00,-10000.00,1245000.00,CNY,SIM-SNAPSHOT-20261001
SIM-A0091,2026-09-20,1245000.00,0.00,1245000.00,CNY,SIM-SNAPSHOT-20261001
SIM-A0091,2026-09-21,1245000.00,0.00,1245000.00,CNY,SIM-SNAPSHOT-20261001
SIM-A0091,2026-09-22,1245000.00,0.00,1245000.00,CNY,SIM-SNAPSHOT-20261001
SIM-A0091,2026-09-23,1245000.00,0.00,1245000.00,CNY,SIM-SNAPSHOT-20261001
SIM-A0091,2026-09-24,1245000.00,15000.00,1260000.00,CNY,SIM-SNAPSHOT-20261001
SIM-A0091,2026-09-25,1260000.00,0.00,1260000.00,CNY,SIM-SNAPSHOT-20261001
SIM-A0091,2026-09-26,1260000.00,0.00,1260000.00,CNY,SIM-SNAPSHOT-20261001
SIM-A0091,2026-09-27,1260000.00,0.00,1260000.00,CNY,SIM-SNAPSHOT-20261001
SIM-A0091,2026-09-28,1260000.00,-20000.00,1240000.00,CNY,SIM-SNAPSHOT-20261001
SIM-A0091,2026-09-29,1240000.00,0.00,1240000.00,CNY,SIM-SNAPSHOT-20261001
SIM-A0091,2026-09-30,1240000.00,0.00,1240000.00,CNY,SIM-SNAPSHOT-20261001
SIM-A0092,2026-09-01,600000.00,0.00,600000.00,CNY,SIM-SNAPSHOT-20261001
SIM-A0092,2026-09-02,600000.00,0.00,600000.00,CNY,SIM-SNAPSHOT-20261001
SIM-A0092,2026-09-03,600000.00,0.00,600000.00,CNY,SIM-SNAPSHOT-20261001
SIM-A0092,2026-09-04,600000.00,0.00,600000.00,CNY,SIM-SNAPSHOT-20261001
SIM-A0092,2026-09-05,600000.00,0.00,600000.00,CNY,SIM-SNAPSHOT-20261001
SIM-A0092,2026-09-06,600000.00,0.00,600000.00,CNY,SIM-SNAPSHOT-20261001
SIM-A0092,2026-09-07,600000.00,0.00,600000.00,CNY,SIM-SNAPSHOT-20261001
SIM-A0092,2026-09-08,600000.00,0.00,600000.00,CNY,SIM-SNAPSHOT-20261001
SIM-A0092,2026-09-09,600000.00,0.00,600000.00,CNY,SIM-SNAPSHOT-20261001
SIM-A0092,2026-09-10,600000.00,0.00,600000.00,CNY,SIM-SNAPSHOT-20261001
SIM-A0092,2026-09-11,600000.00,0.00,600000.00,CNY,SIM-SNAPSHOT-20261001
SIM-A0092,2026-09-12,600000.00,0.00,600000.00,CNY,SIM-SNAPSHOT-20261001
SIM-A0092,2026-09-13,600000.00,0.00,600000.00,CNY,SIM-SNAPSHOT-20261001
SIM-A0092,2026-09-14,600000.00,0.00,600000.00,CNY,SIM-SNAPSHOT-20261001
SIM-A0092,2026-09-15,600000.00,0.00,600000.00,CNY,SIM-SNAPSHOT-20261001
SIM-A0092,2026-09-16,600000.00,0.00,600000.00,CNY,SIM-SNAPSHOT-20261001
SIM-A0092,2026-09-17,600000.00,0.00,600000.00,CNY,SIM-SNAPSHOT-20261001
SIM-A0092,2026-09-18,600000.00,0.00,600000.00,CNY,SIM-SNAPSHOT-20261001
SIM-A0092,2026-09-19,600000.00,0.00,600000.00,CNY,SIM-SNAPSHOT-20261001
SIM-A0092,2026-09-20,600000.00,0.00,600000.00,CNY,SIM-SNAPSHOT-20261001
SIM-A0092,2026-09-21,600000.00,0.00,600000.00,CNY,SIM-SNAPSHOT-20261001
SIM-A0092,2026-09-22,600000.00,0.00,600000.00,CNY,SIM-SNAPSHOT-20261001
SIM-A0092,2026-09-23,600000.00,0.00,600000.00,CNY,SIM-SNAPSHOT-20261001
SIM-A0092,2026-09-24,600000.00,0.00,600000.00,CNY,SIM-SNAPSHOT-20261001
SIM-A0092,2026-09-25,600000.00,0.00,600000.00,CNY,SIM-SNAPSHOT-20261001
SIM-A0092,2026-09-26,600000.00,0.00,600000.00,CNY,SIM-SNAPSHOT-20261001
SIM-A0092,2026-09-27,600000.00,0.00,600000.00,CNY,SIM-SNAPSHOT-20261001
SIM-A0092,2026-09-28,600000.00,0.00,600000.00,CNY,SIM-SNAPSHOT-20261001
SIM-A0092,2026-09-29,600000.00,0.00,600000.00,CNY,SIM-SNAPSHOT-20261001
SIM-A0092,2026-09-30,600000.00,0.00,600000.00,CNY,SIM-SNAPSHOT-20261001
SIM-A0101,2026-09-01,1100000.00,0.00,1100000.00,CNY,SIM-SNAPSHOT-20261001
SIM-A0101,2026-09-02,1100000.00,0.00,1100000.00,CNY,SIM-SNAPSHOT-20261001
SIM-A0101,2026-09-03,1100000.00,0.00,1100000.00,CNY,SIM-SNAPSHOT-20261001
SIM-A0101,2026-09-04,1100000.00,20000.00,1120000.00,CNY,SIM-SNAPSHOT-20261001
SIM-A0101,2026-09-05,1120000.00,0.00,1120000.00,CNY,SIM-SNAPSHOT-20261001
SIM-A0101,2026-09-06,1120000.00,0.00,1120000.00,CNY,SIM-SNAPSHOT-20261001
SIM-A0101,2026-09-07,1120000.00,0.00,1120000.00,CNY,SIM-SNAPSHOT-20261001
SIM-A0101,2026-09-08,1120000.00,-5000.00,1115000.00,CNY,SIM-SNAPSHOT-20261001
SIM-A0101,2026-09-09,1115000.00,0.00,1115000.00,CNY,SIM-SNAPSHOT-20261001
SIM-A0101,2026-09-10,1115000.00,0.00,1115000.00,CNY,SIM-SNAPSHOT-20261001
SIM-A0101,2026-09-11,1115000.00,0.00,1115000.00,CNY,SIM-SNAPSHOT-20261001
SIM-A0101,2026-09-12,1115000.00,0.00,1115000.00,CNY,SIM-SNAPSHOT-20261001
SIM-A0101,2026-09-13,1115000.00,0.00,1115000.00,CNY,SIM-SNAPSHOT-20261001
SIM-A0101,2026-09-14,1115000.00,40000.00,1155000.00,CNY,SIM-SNAPSHOT-20261001
SIM-A0101,2026-09-15,1155000.00,0.00,1155000.00,CNY,SIM-SNAPSHOT-20261001
SIM-A0101,2026-09-16,1155000.00,0.00,1155000.00,CNY,SIM-SNAPSHOT-20261001
SIM-A0101,2026-09-17,1155000.00,0.00,1155000.00,CNY,SIM-SNAPSHOT-20261001
SIM-A0101,2026-09-18,1155000.00,0.00,1155000.00,CNY,SIM-SNAPSHOT-20261001
SIM-A0101,2026-09-19,1155000.00,-10000.00,1145000.00,CNY,SIM-SNAPSHOT-20261001
SIM-A0101,2026-09-20,1145000.00,0.00,1145000.00,CNY,SIM-SNAPSHOT-20261001
SIM-A0101,2026-09-21,1145000.00,0.00,1145000.00,CNY,SIM-SNAPSHOT-20261001
SIM-A0101,2026-09-22,1145000.00,0.00,1145000.00,CNY,SIM-SNAPSHOT-20261001
SIM-A0101,2026-09-23,1145000.00,0.00,1145000.00,CNY,SIM-SNAPSHOT-20261001
SIM-A0101,2026-09-24,1145000.00,15000.00,1160000.00,CNY,SIM-SNAPSHOT-20261001
SIM-A0101,2026-09-25,1160000.00,0.00,1160000.00,CNY,SIM-SNAPSHOT-20261001
SIM-A0101,2026-09-26,1160000.00,0.00,1160000.00,CNY,SIM-SNAPSHOT-20261001
SIM-A0101,2026-09-27,1160000.00,0.00,1160000.00,CNY,SIM-SNAPSHOT-20261001
SIM-A0101,2026-09-28,1160000.00,-20000.00,1140000.00,CNY,SIM-SNAPSHOT-20261001
SIM-A0101,2026-09-29,1140000.00,0.00,1140000.00,CNY,SIM-SNAPSHOT-20261001
SIM-A0101,2026-09-30,1140000.00,0.00,1140000.00,CNY,SIM-SNAPSHOT-20261001
SIM-A0102,2026-09-01,300000.00,0.00,300000.00,CNY,SIM-SNAPSHOT-20261001
SIM-A0102,2026-09-02,300000.00,0.00,300000.00,CNY,SIM-SNAPSHOT-20261001
SIM-A0102,2026-09-03,300000.00,0.00,300000.00,CNY,SIM-SNAPSHOT-20261001
SIM-A0102,2026-09-04,300000.00,0.00,300000.00,CNY,SIM-SNAPSHOT-20261001
SIM-A0102,2026-09-05,300000.00,0.00,300000.00,CNY,SIM-SNAPSHOT-20261001
SIM-A0102,2026-09-06,300000.00,0.00,300000.00,CNY,SIM-SNAPSHOT-20261001
SIM-A0102,2026-09-07,300000.00,0.00,300000.00,CNY,SIM-SNAPSHOT-20261001
SIM-A0102,2026-09-08,300000.00,0.00,300000.00,CNY,SIM-SNAPSHOT-20261001
SIM-A0102,2026-09-09,300000.00,0.00,300000.00,CNY,SIM-SNAPSHOT-20261001
SIM-A0102,2026-09-10,300000.00,0.00,300000.00,CNY,SIM-SNAPSHOT-20261001
SIM-A0102,2026-09-11,300000.00,0.00,300000.00,CNY,SIM-SNAPSHOT-20261001
SIM-A0102,2026-09-12,300000.00,0.00,300000.00,CNY,SIM-SNAPSHOT-20261001
SIM-A0102,2026-09-13,300000.00,0.00,300000.00,CNY,SIM-SNAPSHOT-20261001
SIM-A0102,2026-09-14,300000.00,0.00,300000.00,CNY,SIM-SNAPSHOT-20261001
SIM-A0102,2026-09-15,300000.00,0.00,300000.00,CNY,SIM-SNAPSHOT-20261001
SIM-A0102,2026-09-16,300000.00,0.00,300000.00,CNY,SIM-SNAPSHOT-20261001
SIM-A0102,2026-09-17,300000.00,0.00,300000.00,CNY,SIM-SNAPSHOT-20261001
SIM-A0102,2026-09-18,300000.00,0.00,300000.00,CNY,SIM-SNAPSHOT-20261001
SIM-A0102,2026-09-19,300000.00,0.00,300000.00,CNY,SIM-SNAPSHOT-20261001
SIM-A0102,2026-09-20,300000.00,0.00,300000.00,CNY,SIM-SNAPSHOT-20261001
SIM-A0102,2026-09-21,300000.00,0.00,300000.00,CNY,SIM-SNAPSHOT-20261001
SIM-A0102,2026-09-22,300000.00,0.00,300000.00,CNY,SIM-SNAPSHOT-20261001
SIM-A0102,2026-09-23,300000.00,0.00,300000.00,CNY,SIM-SNAPSHOT-20261001
SIM-A0102,2026-09-24,300000.00,0.00,300000.00,CNY,SIM-SNAPSHOT-20261001
SIM-A0102,2026-09-25,300000.00,0.00,300000.00,CNY,SIM-SNAPSHOT-20261001
SIM-A0102,2026-09-26,300000.00,0.00,300000.00,CNY,SIM-SNAPSHOT-20261001
SIM-A0102,2026-09-27,300000.00,0.00,300000.00,CNY,SIM-SNAPSHOT-20261001
SIM-A0102,2026-09-28,300000.00,0.00,300000.00,CNY,SIM-SNAPSHOT-20261001
SIM-A0102,2026-09-29,300000.00,0.00,300000.00,CNY,SIM-SNAPSHOT-20261001
SIM-A0102,2026-09-30,300000.00,0.00,300000.00,CNY,SIM-SNAPSHOT-20261001
SIM-A0111,2026-09-01,900000.00,0.00,900000.00,CNY,SIM-SNAPSHOT-20261001
SIM-A0111,2026-09-02,900000.00,0.00,900000.00,CNY,SIM-SNAPSHOT-20261001
SIM-A0111,2026-09-03,900000.00,0.00,900000.00,CNY,SIM-SNAPSHOT-20261001
SIM-A0111,2026-09-04,900000.00,20000.00,920000.00,CNY,SIM-SNAPSHOT-20261001
SIM-A0111,2026-09-05,920000.00,0.00,920000.00,CNY,SIM-SNAPSHOT-20261001
SIM-A0111,2026-09-06,920000.00,0.00,920000.00,CNY,SIM-SNAPSHOT-20261001
SIM-A0111,2026-09-07,920000.00,0.00,920000.00,CNY,SIM-SNAPSHOT-20261001
SIM-A0111,2026-09-08,920000.00,-5000.00,915000.00,CNY,SIM-SNAPSHOT-20261001
SIM-A0111,2026-09-09,915000.00,0.00,915000.00,CNY,SIM-SNAPSHOT-20261001
SIM-A0111,2026-09-10,915000.00,0.00,915000.00,CNY,SIM-SNAPSHOT-20261001
SIM-A0111,2026-09-11,915000.00,0.00,915000.00,CNY,SIM-SNAPSHOT-20261001
SIM-A0111,2026-09-12,915000.00,0.00,915000.00,CNY,SIM-SNAPSHOT-20261001
SIM-A0111,2026-09-13,915000.00,0.00,915000.00,CNY,SIM-SNAPSHOT-20261001
SIM-A0111,2026-09-14,915000.00,40000.00,955000.00,CNY,SIM-SNAPSHOT-20261001
SIM-A0111,2026-09-15,955000.00,0.00,955000.00,CNY,SIM-SNAPSHOT-20261001
SIM-A0111,2026-09-16,955000.00,0.00,955000.00,CNY,SIM-SNAPSHOT-20261001
SIM-A0111,2026-09-17,955000.00,0.00,955000.00,CNY,SIM-SNAPSHOT-20261001
SIM-A0111,2026-09-18,955000.00,0.00,955000.00,CNY,SIM-SNAPSHOT-20261001
SIM-A0111,2026-09-19,955000.00,-10000.00,945000.00,CNY,SIM-SNAPSHOT-20261001
SIM-A0111,2026-09-20,945000.00,0.00,945000.00,CNY,SIM-SNAPSHOT-20261001
SIM-A0111,2026-09-21,945000.00,0.00,945000.00,CNY,SIM-SNAPSHOT-20261001
SIM-A0111,2026-09-22,945000.00,0.00,945000.00,CNY,SIM-SNAPSHOT-20261001
SIM-A0111,2026-09-23,945000.00,0.00,945000.00,CNY,SIM-SNAPSHOT-20261001
SIM-A0111,2026-09-24,945000.00,15000.00,960000.00,CNY,SIM-SNAPSHOT-20261001
SIM-A0111,2026-09-25,960000.00,0.00,960000.00,CNY,SIM-SNAPSHOT-20261001
SIM-A0111,2026-09-26,960000.00,0.00,960000.00,CNY,SIM-SNAPSHOT-20261001
SIM-A0111,2026-09-27,960000.00,0.00,960000.00,CNY,SIM-SNAPSHOT-20261001
SIM-A0111,2026-09-28,960000.00,-20000.00,940000.00,CNY,SIM-SNAPSHOT-20261001
SIM-A0111,2026-09-29,940000.00,0.00,940000.00,CNY,SIM-SNAPSHOT-20261001
SIM-A0111,2026-09-30,940000.00,0.00,940000.00,CNY,SIM-SNAPSHOT-20261001
SIM-A0112,2026-09-01,900000.00,0.00,900000.00,CNY,SIM-SNAPSHOT-20261001
SIM-A0112,2026-09-02,900000.00,0.00,900000.00,CNY,SIM-SNAPSHOT-20261001
SIM-A0112,2026-09-03,900000.00,0.00,900000.00,CNY,SIM-SNAPSHOT-20261001
SIM-A0112,2026-09-04,900000.00,0.00,900000.00,CNY,SIM-SNAPSHOT-20261001
SIM-A0112,2026-09-05,900000.00,0.00,900000.00,CNY,SIM-SNAPSHOT-20261001
SIM-A0112,2026-09-06,900000.00,0.00,900000.00,CNY,SIM-SNAPSHOT-20261001
SIM-A0112,2026-09-07,900000.00,0.00,900000.00,CNY,SIM-SNAPSHOT-20261001
SIM-A0112,2026-09-08,900000.00,0.00,900000.00,CNY,SIM-SNAPSHOT-20261001
SIM-A0112,2026-09-09,900000.00,0.00,900000.00,CNY,SIM-SNAPSHOT-20261001
SIM-A0112,2026-09-10,900000.00,0.00,900000.00,CNY,SIM-SNAPSHOT-20261001
SIM-A0112,2026-09-11,900000.00,0.00,900000.00,CNY,SIM-SNAPSHOT-20261001
SIM-A0112,2026-09-12,900000.00,0.00,900000.00,CNY,SIM-SNAPSHOT-20261001
SIM-A0112,2026-09-13,900000.00,0.00,900000.00,CNY,SIM-SNAPSHOT-20261001
SIM-A0112,2026-09-14,900000.00,0.00,900000.00,CNY,SIM-SNAPSHOT-20261001
SIM-A0112,2026-09-15,900000.00,0.00,900000.00,CNY,SIM-SNAPSHOT-20261001
SIM-A0112,2026-09-16,900000.00,0.00,900000.00,CNY,SIM-SNAPSHOT-20261001
SIM-A0112,2026-09-17,900000.00,0.00,900000.00,CNY,SIM-SNAPSHOT-20261001
SIM-A0112,2026-09-18,900000.00,0.00,900000.00,CNY,SIM-SNAPSHOT-20261001
SIM-A0112,2026-09-19,900000.00,0.00,900000.00,CNY,SIM-SNAPSHOT-20261001
SIM-A0112,2026-09-20,900000.00,0.00,900000.00,CNY,SIM-SNAPSHOT-20261001
SIM-A0112,2026-09-21,900000.00,0.00,900000.00,CNY,SIM-SNAPSHOT-20261001
SIM-A0112,2026-09-22,900000.00,0.00,900000.00,CNY,SIM-SNAPSHOT-20261001
SIM-A0112,2026-09-23,900000.00,0.00,900000.00,CNY,SIM-SNAPSHOT-20261001
SIM-A0112,2026-09-24,900000.00,0.00,900000.00,CNY,SIM-SNAPSHOT-20261001
SIM-A0112,2026-09-25,900000.00,0.00,900000.00,CNY,SIM-SNAPSHOT-20261001
SIM-A0112,2026-09-26,900000.00,0.00,900000.00,CNY,SIM-SNAPSHOT-20261001
SIM-A0112,2026-09-27,900000.00,0.00,900000.00,CNY,SIM-SNAPSHOT-20261001
SIM-A0112,2026-09-28,900000.00,0.00,900000.00,CNY,SIM-SNAPSHOT-20261001
SIM-A0112,2026-09-29,900000.00,0.00,900000.00,CNY,SIM-SNAPSHOT-20261001
SIM-A0112,2026-09-30,900000.00,0.00,900000.00,CNY,SIM-SNAPSHOT-20261001
SIM-A0121,2026-09-01,1400000.00,0.00,1400000.00,CNY,SIM-SNAPSHOT-20261001
SIM-A0121,2026-09-02,1400000.00,0.00,1400000.00,CNY,SIM-SNAPSHOT-20261001
SIM-A0121,2026-09-03,1400000.00,0.00,1400000.00,CNY,SIM-SNAPSHOT-20261001
SIM-A0121,2026-09-04,1400000.00,20000.00,1420000.00,CNY,SIM-SNAPSHOT-20261001
SIM-A0121,2026-09-05,1420000.00,0.00,1420000.00,CNY,SIM-SNAPSHOT-20261001
SIM-A0121,2026-09-06,1420000.00,0.00,1420000.00,CNY,SIM-SNAPSHOT-20261001
SIM-A0121,2026-09-07,1420000.00,0.00,1420000.00,CNY,SIM-SNAPSHOT-20261001
SIM-A0121,2026-09-08,1420000.00,-5000.00,1415000.00,CNY,SIM-SNAPSHOT-20261001
SIM-A0121,2026-09-09,1415000.00,0.00,1415000.00,CNY,SIM-SNAPSHOT-20261001
SIM-A0121,2026-09-10,1415000.00,0.00,1415000.00,CNY,SIM-SNAPSHOT-20261001
SIM-A0121,2026-09-11,1415000.00,0.00,1415000.00,CNY,SIM-SNAPSHOT-20261001
SIM-A0121,2026-09-12,1415000.00,0.00,1415000.00,CNY,SIM-SNAPSHOT-20261001
SIM-A0121,2026-09-13,1415000.00,0.00,1415000.00,CNY,SIM-SNAPSHOT-20261001
SIM-A0121,2026-09-14,1415000.00,40000.00,1455000.00,CNY,SIM-SNAPSHOT-20261001
SIM-A0121,2026-09-15,1455000.00,0.00,1455000.00,CNY,SIM-SNAPSHOT-20261001
SIM-A0121,2026-09-16,1455000.00,0.00,1455000.00,CNY,SIM-SNAPSHOT-20261001
SIM-A0121,2026-09-17,1455000.00,0.00,1455000.00,CNY,SIM-SNAPSHOT-20261001
SIM-A0121,2026-09-18,1455000.00,0.00,1455000.00,CNY,SIM-SNAPSHOT-20261001
SIM-A0121,2026-09-19,1455000.00,-10000.00,1445000.00,CNY,SIM-SNAPSHOT-20261001
SIM-A0121,2026-09-20,1445000.00,0.00,1445000.00,CNY,SIM-SNAPSHOT-20261001
SIM-A0121,2026-09-21,1445000.00,0.00,1445000.00,CNY,SIM-SNAPSHOT-20261001
SIM-A0121,2026-09-22,1445000.00,0.00,1445000.00,CNY,SIM-SNAPSHOT-20261001
SIM-A0121,2026-09-23,1445000.00,0.00,1445000.00,CNY,SIM-SNAPSHOT-20261001
SIM-A0121,2026-09-24,1445000.00,15000.00,1460000.00,CNY,SIM-SNAPSHOT-20261001
SIM-A0121,2026-09-25,1460000.00,0.00,1460000.00,CNY,SIM-SNAPSHOT-20261001
SIM-A0121,2026-09-26,1460000.00,0.00,1460000.00,CNY,SIM-SNAPSHOT-20261001
SIM-A0121,2026-09-27,1460000.00,0.00,1460000.00,CNY,SIM-SNAPSHOT-20261001
SIM-A0121,2026-09-28,1460000.00,-20000.00,1440000.00,CNY,SIM-SNAPSHOT-20261001
SIM-A0121,2026-09-29,1440000.00,0.00,1440000.00,CNY,SIM-SNAPSHOT-20261001
SIM-A0121,2026-09-30,1440000.00,0.00,1440000.00,CNY,SIM-SNAPSHOT-20261001
SIM-A0122,2026-09-01,800000.00,0.00,800000.00,CNY,SIM-SNAPSHOT-20261001
SIM-A0122,2026-09-02,800000.00,0.00,800000.00,CNY,SIM-SNAPSHOT-20261001
SIM-A0122,2026-09-03,800000.00,0.00,800000.00,CNY,SIM-SNAPSHOT-20261001
SIM-A0122,2026-09-04,800000.00,0.00,800000.00,CNY,SIM-SNAPSHOT-20261001
SIM-A0122,2026-09-05,800000.00,0.00,800000.00,CNY,SIM-SNAPSHOT-20261001
SIM-A0122,2026-09-06,800000.00,0.00,800000.00,CNY,SIM-SNAPSHOT-20261001
SIM-A0122,2026-09-07,800000.00,0.00,800000.00,CNY,SIM-SNAPSHOT-20261001
SIM-A0122,2026-09-08,800000.00,0.00,800000.00,CNY,SIM-SNAPSHOT-20261001
SIM-A0122,2026-09-09,800000.00,0.00,800000.00,CNY,SIM-SNAPSHOT-20261001
SIM-A0122,2026-09-10,800000.00,0.00,800000.00,CNY,SIM-SNAPSHOT-20261001
SIM-A0122,2026-09-11,800000.00,0.00,800000.00,CNY,SIM-SNAPSHOT-20261001
SIM-A0122,2026-09-12,800000.00,0.00,800000.00,CNY,SIM-SNAPSHOT-20261001
SIM-A0122,2026-09-13,800000.00,0.00,800000.00,CNY,SIM-SNAPSHOT-20261001
SIM-A0122,2026-09-14,800000.00,0.00,800000.00,CNY,SIM-SNAPSHOT-20261001
SIM-A0122,2026-09-15,800000.00,0.00,800000.00,CNY,SIM-SNAPSHOT-20261001
SIM-A0122,2026-09-16,800000.00,0.00,800000.00,CNY,SIM-SNAPSHOT-20261001
SIM-A0122,2026-09-17,800000.00,0.00,800000.00,CNY,SIM-SNAPSHOT-20261001
SIM-A0122,2026-09-18,800000.00,0.00,800000.00,CNY,SIM-SNAPSHOT-20261001
SIM-A0122,2026-09-19,800000.00,0.00,800000.00,CNY,SIM-SNAPSHOT-20261001
SIM-A0122,2026-09-20,800000.00,0.00,800000.00,CNY,SIM-SNAPSHOT-20261001
SIM-A0122,2026-09-21,800000.00,0.00,800000.00,CNY,SIM-SNAPSHOT-20261001
SIM-A0122,2026-09-22,800000.00,0.00,800000.00,CNY,SIM-SNAPSHOT-20261001
SIM-A0122,2026-09-23,800000.00,0.00,800000.00,CNY,SIM-SNAPSHOT-20261001
SIM-A0122,2026-09-24,800000.00,0.00,800000.00,CNY,SIM-SNAPSHOT-20261001
SIM-A0122,2026-09-25,800000.00,0.00,800000.00,CNY,SIM-SNAPSHOT-20261001
SIM-A0122,2026-09-26,800000.00,0.00,800000.00,CNY,SIM-SNAPSHOT-20261001
SIM-A0122,2026-09-27,800000.00,0.00,800000.00,CNY,SIM-SNAPSHOT-20261001
SIM-A0122,2026-09-28,800000.00,0.00,800000.00,CNY,SIM-SNAPSHOT-20261001
SIM-A0122,2026-09-29,800000.00,0.00,800000.00,CNY,SIM-SNAPSHOT-20261001
SIM-A0122,2026-09-30,800000.00,0.00,800000.00,CNY,SIM-SNAPSHOT-20261001
